city,latitude,longitude,max_t2m_winter,min_t2m_winter,temp_range_winter,max_t2m_spring,min_t2m_spring,temp_range_spring,max_t2m_summer,min_t2m_summer,temp_range_summer,max_t2m_autumn,min_t2m_autumn,temp_range_autumn,hot_days,hot_days_consec
Aachen,50.776642,6.08342,278.27545,274.11197,4.1634827,286.36472,278.55936,7.805359,294.68848,286.11887,8.569611,286.72693,280.6629,6.064026,4.516129032258065,2.4193548387096775
Aberdeen,57.143688,-2.09814,279.92892,276.97104,2.9578857,282.32407,278.68793,3.636139,288.2352,284.64053,3.5946655,285.1133,281.82422,3.289093,0.0,0.0
Aix-en-Provence,43.528301,5.44973,284.48508,277.0915,7.393585,291.15436,282.45444,8.699921,300.8998,291.24628,9.653534,292.83588,284.87067,7.96521,21.838709677419356,8.064516129032258
Alcalá de Henares,40.482052,-3.35996,283.73996,275.0573,8.682648,291.75552,280.3312,11.424316,304.17325,290.07108,14.102173,293.20895,282.69815,10.510803,68.7741935483871,24.838709677419356
Alicante,38.345169,-0.48149,288.2586,281.54404,6.714569,292.54434,285.46976,7.074585,301.4428,294.33557,7.107239,295.50272,288.98346,6.5192566,24.225806451612904,8.580645161290322
Almería,36.838139,-2.45974,287.10986,281.81854,5.291321,291.1925,285.36404,5.8284607,299.99466,293.75784,6.2368164,293.9475,288.53217,5.415344,6.935483870967742,2.4516129032258065
Amersfoort,52.154999,5.3875,279.3336,275.15674,4.1768494,286.67917,279.05865,7.620514,294.60226,286.48856,8.1137085,287.4187,281.47543,5.943268,3.6774193548387095,2.064516129032258
Amiens,49.900002,2.3,280.16315,275.50223,4.660919,287.15823,279.1693,7.988922,295.15155,286.23538,8.916168,288.17575,281.51822,6.6575317,3.774193548387097,2.129032258064516
Amsterdam,52.374031,4.88969,279.4628,276.0698,3.3930054,285.3792,279.70822,5.67099,293.15863,287.23657,5.922058,287.22455,282.67816,4.5463867,0.5483870967741935,0.45161290322580644
Angers,47.466671,-0.55,282.09183,276.39505,5.6967773,288.94852,279.99866,8.94986,297.3253,287.06976,10.255524,290.20023,282.17487,8.02536,9.387096774193548,3.7419354838709675
Antwerpen,51.219891,4.40346,279.79712,275.51877,4.278351,287.2241,279.50598,7.718109,295.1243,286.82806,8.296234,287.93445,281.80563,6.1288147,4.548387096774194,2.2903225806451615
Apeldoorn,52.209999,5.96944,279.1139,274.72183,4.3920593,286.8727,278.652,8.220703,294.9362,286.15997,8.776215,287.3409,281.01465,6.3262634,4.612903225806452,2.3548387096774195
Arezzo,43.461391,11.87691,281.23807,274.74762,6.490448,289.31958,280.2717,9.047882,300.2911,289.70123,10.589874,290.8846,282.8445,8.0401,21.903225806451612,8.258064516129032
Arnhem,51.98,5.91111,279.2236,274.84048,4.3831177,287.07257,278.83395,8.238617,295.1444,286.3318,8.812622,287.47614,281.12518,6.350952,4.967741935483871,2.4838709677419355
Athens,37.97945,23.716221,286.55594,280.6072,5.9487305,293.31927,285.00952,8.309753,304.16574,295.2159,8.949829,296.127,288.76627,7.3607483,70.74193548387096,24.64516129032258
Augsburg,48.366669,10.88333,277.01105,271.86542,5.14563,286.95758,277.92728,9.030304,296.1639,286.53946,9.624451,286.35394,279.23883,7.1151123,6.870967741935484,3.064516129032258
Avignon,43.948341,4.80892,284.23175,276.71704,7.5147095,291.9677,282.30054,9.667175,302.24118,291.2542,10.986969,293.0553,284.4235,8.631805,42.67741935483871,14.225806451612904
Barcelona,41.38879,2.15899,285.6707,280.20166,5.4690247,289.87213,284.2412,5.6309204,298.5733,293.2076,5.365692,293.03598,287.95413,5.081848,2.225806451612903,1.6451612903225807
Bari,41.117729,16.851179,285.48828,281.5399,3.9483948,290.39978,285.47623,4.9235535,300.57678,295.21478,5.3619995,293.72787,289.20535,4.522522,17.967741935483872,6.548387096774194
Basel,47.558399,7.57327,277.78433,272.57214,5.2121887,287.26175,278.33398,8.927765,296.40326,286.7598,9.643463,286.96228,279.78387,7.178406,7.451612903225806,3.4193548387096775
Bath,51.377949,-2.35907,281.05945,276.2337,4.8257446,286.08307,278.87793,7.205139,293.13577,285.43365,7.702118,287.5373,281.3616,6.1756897,0.5483870967741935,0.45161290322580644
Belfast,54.583328,-5.93333,280.97418,277.77713,3.197052,283.6617,279.56165,4.100067,289.23083,285.16946,4.061371,285.9425,282.46478,3.4777222,0.0,0.0
Belgrade,44.804008,20.46513,278.94986,272.70026,6.2496033,291.28754,281.03247,10.255066,302.02386,290.41013,11.613739,291.1674,281.95923,9.20816,44.516129032258064,10.935483870967742
Bergamo,45.697979,9.66895,279.55975,272.62244,6.937317,289.0386,280.3758,8.662811,298.97253,290.03632,8.936218,289.09818,282.18976,6.9084167,10.064516129032258,5.032258064516129
Bergen,60.39299,5.32415,276.1817,272.98337,3.1983337,280.92764,276.30847,4.619171,288.852,284.3822,4.4697876,283.0893,279.5682,3.5210876,0.0,0.0
Berlin,52.524368,13.41053,276.99835,272.64938,4.3489685,286.89532,278.1532,8.742126,296.62378,286.96393,9.659851,286.68433,280.04404,6.6402893,9.03225806451613,3.129032258064516
Bern,46.94809,7.44744,275.608,269.68356,5.9244385,284.62866,275.95682,8.6718445,293.91385,284.5731,9.340759,285.08392,277.63422,7.449707,1.1612903225806452,0.7096774193548387
Besançon,47.248779,6.01815,279.24152,273.9793,5.262207,288.37387,279.37552,8.998352,297.69586,287.4759,10.219971,288.4441,281.01407,7.430023,13.161290322580646,4.903225806451613
Bielefeld,52.033329,8.53333,278.10303,273.85977,4.2432556,286.6541,278.30536,8.348755,295.46033,286.16336,9.296967,286.90076,280.44366,6.4570923,6.709677419354839,3.161290322580645
Bilbao,43.262711,-2.92528,284.3682,279.6226,4.7456055,288.00787,282.34927,5.6586,294.73657,288.9124,5.8241577,290.93652,285.4708,5.4657288,0.9032258064516129,0.5806451612903226
Birmingham,52.481419,-1.89983,280.52435,275.84415,4.6802063,285.908,278.52985,7.3781433,293.16663,285.227,7.939636,287.08398,281.005,6.0789795,0.7096774193548387,0.45161290322580644
Blackpool,53.816669,-3.05,280.40442,277.72964,2.6747742,283.6023,279.93063,3.6716614,289.92175,286.51227,3.4094849,286.18073,283.17856,3.0021667,0.0,0.0
Bochum,51.481651,7.21648,278.52267,274.23596,4.2867126,286.9306,278.77933,8.151276,295.37363,286.47943,8.894196,287.0833,280.8245,6.2588196,6.193548387096774,2.903225806451613
Bologna,44.493809,11.33875,281.6184,274.97238,6.6460266,291.3189,282.22693,9.09198,302.4539,292.2224,10.231476,292.04886,284.26083,7.788025,45.67741935483871,13.387096774193548
Bonn,50.734379,7.09548,278.2131,274.00842,4.2046814,286.74646,278.6886,8.057861,295.30035,286.46033,8.840027,286.8052,280.66144,6.1437683,6.0,2.806451612903226
Bordeaux,44.840439,-0.5805,283.98956,277.53986,6.449707,290.97354,281.89554,9.078003,299.21072,289.19626,10.014465,292.38223,283.88324,8.498993,20.870967741935484,5.387096774193548
Bournemouth,50.720482,-1.8795,281.60712,278.19217,3.4149475,285.08356,280.3657,4.717865,291.84296,286.92184,4.921112,287.7584,283.71167,4.0467224,0.0,0.0
Bradford,53.793911,-1.75206,279.46634,275.20865,4.2576904,284.51163,277.66296,6.8486633,291.33847,284.2458,7.092682,285.7353,280.26508,5.470215,0.12903225806451613,0.12903225806451613
Braga,41.55032,-8.42005,285.1798,278.61847,6.5613403,289.8851,281.8883,7.9967957,296.90057,287.79047,9.110107,291.69675,284.29944,7.3973083,6.419354838709677,2.7419354838709675
Bratislava,48.148159,17.106741,277.21365,272.0825,5.1311646,289.0429,279.67435,9.368561,299.38855,289.02753,10.361023,288.22296,280.85464,7.3683167,21.70967741935484,7.258064516129032
Braunschweig,52.265942,10.52673,277.29105,273.0264,4.2646484,286.3346,277.85764,8.476959,295.54156,286.0547,9.486877,286.4586,279.97476,6.4838257,6.064516129032258,2.6129032258064515
Braşov,45.648609,25.606131,274.33282,267.82755,6.5052795,285.45963,275.86288,9.596741,296.04996,285.3805,10.669464,286.11243,277.06055,9.05188,2.3870967741935485,1.4516129032258065
Breda,51.586559,4.77596,279.6401,275.34238,4.2977295,287.05624,279.25317,7.80307,294.94073,286.59793,8.342804,287.75406,281.5941,6.159973,4.129032258064516,2.193548387096774
Bremen,53.075161,8.80777,278.08856,274.088,4.0005493,286.31955,278.34064,7.9789124,294.93256,286.239,8.6935425,286.74725,280.64484,6.102417,4.096774193548387,2.129032258064516
Brescia,45.52478,10.22727,280.17355,273.9176,6.255951,289.75803,281.09637,8.661652,299.75125,291.24426,8.506989,289.84207,283.5594,6.2826843,15.419354838709678,6.612903225806452
Brest,48.400002,-4.48333,283.3457,281.16367,2.1820374,285.0767,282.66043,2.4162598,290.2939,287.95956,2.3343506,288.046,285.82648,2.219513,0.0,0.0
Brighton,50.828381,-0.13947,281.33038,278.11618,3.214203,284.80014,280.47894,4.3211975,291.67447,287.17728,4.4971924,287.73764,283.90314,3.8345032,0.0,0.0
Bristol,51.455231,-2.59665,281.11014,276.39465,4.7154846,286.0295,279.02396,7.005554,293.0014,285.59985,7.4015503,287.527,281.54034,5.986664,0.5161290322580645,0.41935483870967744
Brno,49.195221,16.60796,275.83197,271.12512,4.706848,287.22305,278.32953,8.893524,297.5124,287.48514,10.027252,286.49283,279.69235,6.800476,10.806451612903226,4.32258064516129
Brugge,51.20892,3.22424,280.15192,276.73868,3.4132385,285.6959,280.33054,5.3653564,293.36935,287.68378,5.6855774,287.79816,283.32968,4.4684753,0.45161290322580644,0.3548387096774194
Brussels,50.850449,4.34878,279.60812,275.29126,4.316864,287.1784,279.2701,7.9082947,295.13885,286.5733,8.565552,287.80524,281.5493,6.255951,4.419354838709677,2.2580645161290325
Bucharest,44.432251,26.10626,277.69495,271.06232,6.6326294,290.7031,280.3528,10.350281,302.34082,290.85043,11.490387,290.75406,281.4092,9.344849,45.096774193548384,12.709677419354838
Budapest,47.498009,19.039909,276.94818,271.23264,5.7155457,289.5081,279.26328,10.244812,299.88763,288.63922,11.248413,288.7259,280.12595,8.599945,23.70967741935484,7.709677419354839
Burgos,42.349998,-3.7,281.34506,274.59146,6.753601,287.912,278.29825,9.613739,298.11627,285.82254,12.293732,290.0393,280.83405,9.205261,14.741935483870968,4.741935483870968
Bydgoszcz,53.123501,18.00762,275.3411,271.04086,4.300232,285.80597,276.9005,8.905457,295.8267,286.13074,9.695953,285.64178,278.93835,6.70343,4.354838709677419,2.0
Cagliari,39.207378,9.13462,287.56427,281.02658,6.537689,292.55115,284.37708,8.174072,303.0015,293.3735,9.627991,296.0937,288.54962,7.5440674,50.03225806451613,19.0
Cambridge,52.200001,0.11667,280.74103,275.959,4.782013,286.32816,278.9405,7.387665,294.0653,285.8979,8.167419,287.78656,281.43607,6.3504944,1.4193548387096775,0.9354838709677419
Cardiff,51.48,-3.18,280.93777,276.86038,4.0773926,285.30206,279.29642,6.0056458,292.03906,285.8854,6.153656,287.15707,282.11078,5.046295,0.12903225806451613,0.0967741935483871
Cartagena,37.605122,-0.98623,288.65845,283.98782,4.670624,291.9996,287.27267,4.7269287,300.0857,295.48627,4.5994263,295.47845,291.13068,4.3477783,4.483870967741935,2.193548387096774
Catania,37.502129,15.08719,286.77255,281.78094,4.9916077,290.8128,285.20773,5.605072,300.8011,294.82007,5.981018,294.91217,289.88477,5.027405,17.29032258064516,6.258064516129032
Chemnitz,50.833328,12.91667,275.9198,271.6449,4.2749023,285.53537,277.2899,8.245483,295.134,285.80185,9.332153,285.49997,279.14926,6.350708,4.290322580645161,1.935483870967742
Chişinău,47.005562,28.8575,275.34195,269.823,5.5189514,288.67255,278.77844,9.894104,300.472,289.38235,11.08963,288.3279,279.83606,8.491852,27.419354838709676,8.258064516129032
Clermont-Ferrand,45.779659,3.08628,279.6133,273.26767,6.345642,287.4538,277.7227,9.73111,296.51718,285.5252,10.991974,288.35474,279.6586,8.696136,9.193548387096774,3.5806451612903225
Cluj-Napoca,46.76667,23.6,275.08807,268.8798,6.2082825,287.40442,277.18942,10.214996,297.65607,286.43863,11.217438,287.34332,277.88553,9.457794,9.03225806451613,3.6451612903225805
Coimbra,40.205639,-8.41955,286.6015,279.4236,7.177887,291.66147,282.85248,8.8089905,299.10657,288.39084,10.715729,293.56064,285.22925,8.33139,18.129032258064516,5.096774193548387
Como,45.809978,9.08744,278.70517,272.18805,6.5171204,287.78403,279.4351,8.348938,297.45282,288.8155,8.637329,287.87064,281.40036,6.470276,4.387096774193548,2.2903225806451615
Constanţa,44.183331,28.65,278.95532,274.65265,4.3026733,287.07468,281.57126,5.503418,299.23196,293.0194,6.212555,290.1368,284.93103,5.20578,5.612903225806452,3.3548387096774195
Copenhagen,55.675941,12.56553,276.62857,273.48236,3.1462097,283.14688,277.23514,5.911743,292.88235,286.5467,6.335663,285.27078,281.11124,4.159546,0.0,0.0
Cork,51.897968,-8.47061,281.88406,278.283,3.6010742,284.5071,279.9101,4.5970154,290.18167,285.5578,4.623871,286.5903,282.6165,3.973816,0.0,0.0
Coventry,52.406559,-1.51217,280.46185,275.7799,4.681946,285.91867,278.5343,7.384369,293.32404,285.29352,8.030518,287.1401,280.9997,6.1404114,0.7419354838709677,0.4838709677419355
Córdoba,37.883331,-4.76667,287.885,278.5172,9.367798,295.2293,283.8729,11.356415,307.1224,292.982,14.140411,297.10794,286.47046,10.637482,104.48387096774194,50.806451612903224
Debrecen,47.533329,21.633329,277.13242,271.6613,5.4711304,290.34073,280.04364,10.297089,301.05807,289.51907,11.539001,289.72882,280.61984,9.108978,35.225806451612904,10.096774193548388
Derby,52.922771,-1.47663,280.1071,275.59125,4.5158386,285.4868,278.2795,7.2072754,292.73712,284.98746,7.7496643,286.67032,280.77652,5.893799,0.45161290322580644,0.3548387096774194
Dijon,47.316669,5.01667,279.3327,274.11856,5.214142,288.4763,279.18192,9.294373,297.83615,287.20206,10.634094,288.59335,280.87122,7.7221375,13.387096774193548,4.645161290322581
Donostia / San Sebastián,43.312832,-1.97499,284.16733,280.42432,3.7430115,287.77893,283.24924,4.5296936,294.5689,289.97452,4.594391,290.74905,286.44116,4.307892,0.5483870967741935,0.45161290322580644
Dortmund,51.514938,7.466,278.25064,273.98572,4.264923,286.68524,278.57986,8.105377,295.17438,286.28583,8.88855,286.86392,280.64474,6.2191772,5.612903225806452,2.7096774193548385
Dresden,51.050892,13.73832,276.31485,271.78732,4.527527,286.21133,277.64676,8.564575,295.86395,286.29837,9.565582,285.94373,279.35718,6.586548,5.774193548387097,2.3870967741935485
Dublin,53.333061,-6.24889,281.21228,277.34335,3.868927,284.488,279.34854,5.1394653,290.46237,285.2651,5.1972656,286.39056,281.94925,4.4413147,0.0,0.0
Duisburg,51.432468,6.76516,279.10382,274.77902,4.3247986,287.40515,279.2128,8.192352,295.79224,286.9342,8.858032,287.59497,281.27026,6.324707,7.064516129032258,3.193548387096774
Düsseldorf,51.221722,6.77616,279.13916,274.77084,4.3683167,287.43106,279.2488,8.182251,295.83603,286.9896,8.846436,287.63156,281.30057,6.3309937,7.064516129032258,3.193548387096774
Eastbourne,50.768711,0.28453,281.48114,278.70822,2.7729187,284.3218,280.94162,3.380188,290.984,287.5853,3.3987122,287.78665,284.67538,3.111267,0.0,0.0
Edinburgh,55.952061,-3.19648,279.62344,275.67712,3.9463196,283.86642,278.01346,5.8529663,290.27094,284.2125,6.058441,285.44086,280.5007,4.940155,0.0,0.0
Eindhoven,51.44083,5.47778,279.47153,275.10165,4.369873,287.4718,279.19626,8.275543,295.5949,286.68277,8.91214,287.82028,281.37915,6.4411316,6.451612903225806,2.935483870967742
Elche,38.26218,-0.70107,289.0488,280.67206,8.3767395,294.05453,285.05652,8.998016,303.08286,294.0269,9.055969,296.46057,288.28534,8.175232,53.645161290322584,20.580645161290324
Erfurt,50.978699,11.03283,276.35733,271.85522,4.5021057,285.69708,277.12473,8.572357,295.24088,285.55084,9.690033,285.80957,279.02374,6.7858276,5.193548387096774,2.2580645161290325
Espoo,60.2052,24.652201,271.6977,267.80087,3.89682,279.61273,273.43756,6.175171,291.9759,285.78677,6.1891174,282.10794,278.065,4.042938,0.0,0.0
Essen,51.45657,7.01228,278.82773,274.52634,4.3013916,287.18463,279.0094,8.175232,295.58356,286.71503,8.86853,287.34055,281.05783,6.282715,6.612903225806452,2.806451612903226
Ferrara,44.826778,11.62071,282.22095,275.2198,7.0011597,292.3654,283.09927,9.266113,303.4013,293.38104,10.020264,292.89792,285.03412,7.8638,56.32258064516129,17.483870967741936
Firenze,43.76667,11.25,281.66882,275.0996,6.569214,289.65588,280.6715,8.984375,300.4061,290.06418,10.341919,291.21475,283.24243,7.9723206,21.06451612903226,8.548387096774194
Frankfurt am Main,50.11552,8.68417,277.7198,273.31296,4.40683,287.29175,278.676,8.615753,296.57562,286.92764,9.64798,286.9236,280.24338,6.680237,8.483870967741936,3.5483870967741935
Freiburg,47.995899,7.85222,277.60306,272.50348,5.099579,287.10812,278.28256,8.825562,296.38315,286.72632,9.65683,286.91577,279.84225,7.073517,7.935483870967742,3.5806451612903225
Gdańsk,54.352051,18.64637,275.36414,271.9719,3.3922424,283.38144,277.01883,6.36261,293.6645,286.91663,6.747864,285.2043,280.33694,4.8673706,0.25806451612903225,0.22580645161290322
Gdynia,54.51889,18.531879,275.41385,272.0637,3.3501587,283.1292,276.94635,6.1828613,293.4033,286.85843,6.544861,285.12994,280.39908,4.7308655,0.1935483870967742,0.16129032258064516
Gelsenkirchen,51.5075,7.12283,278.67093,274.39078,4.2801514,287.0469,278.90253,8.144379,295.46387,286.60522,8.858643,287.20798,280.9529,6.255066,6.258064516129032,2.774193548387097
Gent,51.049999,3.71667,279.9329,275.66797,4.264923,287.0909,279.55954,7.531372,294.90524,286.76,8.145233,287.9642,281.9277,6.036499,3.4193548387096775,1.935483870967742
Gijón,43.535728,-5.66152,284.60916,280.0074,4.601776,287.32132,282.26688,5.0544434,293.2582,288.46637,4.7918396,290.1887,285.3754,4.8132935,0.0,0.0
Glasgow,55.86515,-4.25763,279.35437,275.198,4.156372,283.9183,277.5362,6.3821106,289.99942,283.67154,6.327881,285.10486,279.95944,5.1454163,0.0,0.0
Granada,37.188171,-3.60667,285.4553,277.50726,7.9480286,290.89542,282.0142,8.881226,301.6188,291.2901,10.328705,293.38098,284.8026,8.578369,32.74193548387097,12.258064516129032
Graz,47.066669,15.45,275.6388,269.17712,6.46167,286.22134,276.7562,9.465149,295.6622,285.7873,9.874908,285.84363,278.07297,7.7706604,2.3225806451612905,1.1935483870967742
Grenoble,45.166672,5.71667,277.1241,269.85382,7.270294,285.60245,276.07285,9.529602,295.18973,284.71985,10.469879,286.68872,277.8637,8.825012,1.7741935483870968,1.1290322580645162
Groningen,53.21917,6.56667,278.6824,275.0524,3.630005,285.12488,278.8554,6.26947,293.17813,286.591,6.5871277,286.73816,281.72052,5.017639,0.8064516129032258,0.6451612903225806
Göteborg,57.707161,11.96679,275.69415,272.0434,3.6507568,283.05865,276.47662,6.5820312,292.43146,285.7232,6.708252,284.33804,279.72565,4.6123962,0.0967741935483871,0.06451612903225806
Haarlem,52.38084,4.63683,279.58603,276.56836,3.0176697,284.77875,280.03366,4.7450867,292.49557,287.6124,4.8831787,287.2062,283.31903,3.8871765,0.1935483870967742,0.1935483870967742
Hagen,51.360809,7.47168,278.01324,273.80826,4.2049866,286.51733,278.51193,8.005402,295.00412,286.21582,8.7883,286.6394,280.53625,6.1031494,5.129032258064516,2.6774193548387095
Hamburg,53.575321,10.01534,277.48642,273.50943,3.9769897,285.87054,277.6654,8.205139,294.8254,285.82635,8.999054,286.35483,280.25888,6.0959473,3.7419354838709675,1.903225806451613
Hannover,52.370522,9.73322,277.7474,273.57132,4.1760864,286.55093,278.1214,8.429535,295.5595,286.16818,9.391327,286.72906,280.29712,6.431946,6.225806451612903,2.774193548387097
Harrogate,53.99078,-1.5373,279.8527,275.43866,4.414032,284.88516,277.8691,7.0160522,291.842,284.46414,7.3778687,286.17896,280.45575,5.7232056,0.12903225806451613,0.12903225806451613
Heidelberg,49.407681,8.69079,278.16742,273.61172,4.5556946,287.91544,279.23645,8.678986,297.3005,287.66083,9.639679,287.51138,280.70187,6.8095093,11.870967741935484,4.354838709677419
Helsinki,60.169521,24.93545,271.9055,268.40305,3.5024414,278.90546,273.79477,5.1106873,291.33124,286.38925,4.941986,282.23694,278.82526,3.4116821,0.0,0.0
Hoofddorp,52.302502,4.68889,279.58603,276.56836,3.0176697,284.77875,280.03366,4.7450867,292.49557,287.6124,4.8831787,287.2062,283.31903,3.8871765,0.1935483870967742,0.1935483870967742
Hull,53.744598,-0.33525,280.42517,276.23468,4.1904907,284.82877,278.91425,5.9145203,291.9798,285.55573,6.4240723,286.86893,281.65982,5.2091064,0.06451612903225806,0.06451612903225806
Innsbruck,47.262661,11.39454,271.7196,264.31134,7.408264,280.46918,271.6624,8.806763,290.1134,280.76526,9.348145,281.81418,273.42355,8.390625,0.0,0.0
Jerez de la Frontera,36.686451,-6.13606,289.4014,282.9808,6.4205933,293.8251,286.60156,7.2235413,301.87238,293.46942,8.402954,296.33533,289.53735,6.7979736,38.516129032258064,10.03225806451613
Kaliningrad,54.70649,20.51095,274.8596,271.04645,3.8131409,284.2157,276.69128,7.524414,294.64413,286.62833,8.015808,285.10745,279.64368,5.4637756,2.096774193548387,1.1935483870967742
Karlsruhe,49.004719,8.38583,278.11346,273.4958,4.617676,287.76428,279.1653,8.5989685,297.0855,287.57343,9.512085,287.44382,280.6801,6.7637024,10.387096774193548,4.0
Kassel,51.316669,9.5,276.91122,272.87885,4.032379,285.87436,277.69824,8.176117,294.88348,285.65573,9.227753,285.88864,279.629,6.2596436,4.387096774193548,2.2903225806451615
Katowice,50.258419,19.02754,275.4957,270.52966,4.966034,286.70828,277.5196,9.18869,296.62766,286.6938,9.933868,286.59204,279.13312,7.4589233,7.096774193548387,2.935483870967742
Kaunas,54.900002,23.9,273.20322,269.0404,4.1628113,284.77313,275.8138,8.95932,295.5471,285.7692,9.777893,284.19376,277.99728,6.196472,3.3548387096774195,1.7741935483870968
Kiel,54.321331,10.13489,277.28424,274.03268,3.2515564,284.14948,278.03137,6.118103,293.34015,286.5456,6.7945557,285.8586,281.27582,4.582794,0.25806451612903225,0.1935483870967742
Kiev,50.454659,30.5238,272.80133,268.31686,4.4844666,286.34103,277.8223,8.518738,298.05533,288.23755,9.81778,285.3646,278.264,7.100586,11.161290322580646,4.161290322580645
Košice,48.713951,21.25808,274.98834,269.77493,5.2134094,287.62823,277.62357,10.004669,297.97336,286.947,11.026367,286.75104,278.38422,8.366821,12.548387096774194,5.064516129032258
Kraków,50.061432,19.936581,275.26324,269.97202,5.2912292,286.38458,277.015,9.369568,296.27213,286.16638,10.105743,286.24548,278.31964,7.9258423,5.903225806451613,2.5483870967741935
Krasnodar,45.044842,38.976028,278.68875,271.62372,7.065033,289.69855,280.00943,9.689117,302.36996,291.2669,11.103058,291.12677,281.43457,9.6922,45.29032258064516,15.161290322580646
Krefeld,51.339211,6.58615,279.14697,274.82422,4.322754,287.40756,279.21487,8.192688,295.76492,286.91653,8.848389,287.62292,281.28586,6.3370667,6.935483870967742,3.193548387096774
Köln,50.933331,6.95,278.42676,274.2429,4.1838684,286.78995,278.8228,7.9671326,295.25937,286.54648,8.712891,286.96274,280.8461,6.116638,5.806451612903226,2.774193548387097
L'viv,49.838261,24.023239,274.4269,269.5043,4.9226074,286.6172,277.3029,9.314301,297.00867,286.69562,10.313049,286.25003,278.4528,7.797241,7.290322580645161,3.3548387096774195
La Spezia,44.110538,9.84339,282.25415,278.794,3.460144,287.6851,283.3168,4.368286,297.0284,292.26373,4.764679,290.32422,286.4175,3.9067078,0.3870967741935484,0.3548387096774194
Lausanne,46.515999,6.63282,276.739,271.18356,5.5554504,285.1597,276.95642,8.203278,294.35294,285.76358,8.589355,285.98993,279.26828,6.721649,1.2903225806451613,0.7419354838709677
Le Havre,49.493801,0.10767,281.38284,277.80173,3.5811157,285.9707,280.69666,5.274048,293.06924,287.4478,5.6214294,288.4244,283.80862,4.6157837,0.4838709677419355,0.3548387096774194
Le Mans,48.0,0.2,281.3286,275.9344,5.394226,288.4852,279.6469,8.838287,296.83575,286.77625,10.059509,289.44965,281.73636,7.7132874,7.451612903225806,3.3225806451612905
Lecce,40.357029,18.17202,286.4847,282.88623,3.5984802,291.05048,286.46252,4.5879517,301.2893,295.9013,5.3880005,294.6696,290.40924,4.2603455,23.516129032258064,9.612903225806452
Leeds,53.796478,-1.54785,279.89392,275.4838,4.4101257,285.0127,277.96985,7.0428467,291.99884,284.59836,7.400482,286.26227,280.561,5.7012634,0.12903225806451613,0.12903225806451613
Leicester,52.638599,-1.13169,280.3911,275.7343,4.6567993,285.88608,278.50552,7.380554,293.37823,285.31418,8.064056,287.1347,280.99588,6.1388245,0.967741935483871,0.6129032258064516
Leipzig,51.339619,12.37129,277.3616,272.92398,4.437622,286.8935,278.2615,8.631989,296.56683,286.86914,9.697693,286.89694,280.19894,6.697998,8.806451612903226,3.064516129032258
Leuven,50.879589,4.70093,279.46466,275.09686,4.367798,287.2324,279.1164,8.115997,295.26617,286.4806,8.7855835,287.7382,281.35117,6.387024,5.225806451612903,2.5483870967741935
Leverkusen,51.0303,6.98432,278.74277,274.43405,4.308716,287.15433,279.0455,8.108826,295.62552,286.79623,8.829285,287.27225,281.0466,6.225647,6.806451612903226,3.096774193548387
Lille,50.632969,3.05858,280.1552,275.71243,4.4427795,287.11502,279.3993,7.7157288,294.9501,286.50958,8.440521,288.1314,281.8465,6.284912,3.3548387096774195,1.967741935483871
Limoges,45.831532,1.2578,281.18665,275.4676,5.719055,288.72943,279.66547,9.063965,297.4123,287.03192,10.380371,289.6376,281.61688,8.020721,12.03225806451613,3.838709677419355
Lisbon,38.716671,-9.13333,287.85522,283.31918,4.5360413,291.2736,285.75623,5.5173645,297.09296,290.37088,6.7220764,293.63885,288.4392,5.199646,1.6129032258064515,1.1935483870967742
Liverpool,53.41058,-2.97794,280.596,276.96075,3.635254,284.75607,279.3828,5.3732605,291.25888,285.90738,5.3515015,286.57352,282.19308,4.380432,0.06451612903225806,0.06451612903225806
Livorno,43.542641,10.316,284.37268,280.48108,3.8916016,289.45416,284.85696,4.5971985,298.91962,294.0267,4.892914,292.52402,288.2273,4.2967224,3.7096774193548385,2.064516129032258
Liège,50.633732,5.56749,278.41727,274.21167,4.205597,286.48065,278.52704,7.9536133,294.68698,285.97974,8.707245,286.82413,280.64847,6.175659,4.258064516129032,2.3225806451612905
Ljubljana,46.051079,14.50513,276.951,270.64236,6.3086243,287.1552,278.0078,9.1474,297.00986,287.34442,9.665436,287.0312,279.70828,7.3229065,5.483870967741935,2.4193548387096775
London,51.50853,-0.12574,280.8168,276.13525,4.681549,286.33276,279.10568,7.2270813,293.96295,285.99374,7.969208,287.7691,281.5854,6.183716,1.096774193548387,0.6774193548387096
Lublin,51.25,22.566669,274.49405,269.87494,4.61911,286.2763,277.15192,9.12439,296.9039,286.5782,10.325714,285.73596,278.4682,7.267761,7.516129032258065,3.3225806451612905
Lucca,43.843571,10.50585,281.85535,276.56815,5.287201,288.58615,281.87888,6.7072754,298.47528,291.07483,7.4004517,290.7292,284.6256,6.1035767,4.161290322580645,2.3870967741935485
Luimneach,52.664719,-8.62306,281.3004,276.51508,4.7853394,285.28458,278.51047,6.774109,290.85315,284.31323,6.539917,286.41385,280.8585,5.555359,0.0,0.0
Luton,51.879669,-0.41748,280.7002,275.99576,4.7044373,286.3067,278.9252,7.3815002,293.9905,285.83438,8.156128,287.66302,281.3874,6.275635,1.2903225806451613,0.8064516129032258
Lyon,45.748459,4.84671,280.4708,274.31577,6.1550293,289.5589,279.85815,9.700745,299.28165,288.30774,10.973907,289.82214,281.6103,8.211853,21.93548387096774,7.419354838709677
Lübeck,53.868931,10.68729,277.2716,273.5658,3.7058105,285.17065,277.73596,7.4346924,294.3944,286.15512,8.239288,286.14328,280.58893,5.554352,2.064516129032258,1.096774193548387
Maastricht,50.848331,5.68889,278.95557,274.68994,4.265625,287.00803,278.92123,8.086792,295.20764,286.4058,8.801849,287.3543,281.05573,6.298584,5.806451612903226,2.774193548387097
Madrid,40.4165,-3.70256,283.86023,275.3312,8.529022,291.92172,280.7467,11.175018,304.31363,290.52917,13.784454,293.35175,283.09546,10.256287,70.06451612903226,24.70967741935484
Magdeburg,52.127731,11.62916,277.42038,273.04483,4.3755493,286.78308,278.08383,8.699249,296.31024,286.53897,9.771271,286.80704,280.1126,6.6944275,8.03225806451613,2.967741935483871
Mainz,49.984192,8.2791,277.82147,273.3356,4.4858704,287.332,278.69656,8.635437,296.65634,286.98288,9.673462,286.99228,280.23495,6.757324,9.064516129032258,3.6451612903225805
Malmö,55.605869,13.00073,276.48044,273.16992,3.3105164,283.11276,276.90866,6.2041016,292.8474,286.23737,6.6100464,285.16412,280.77454,4.3895874,0.0,0.0
Manchester,53.480949,-2.23743,279.81592,275.4007,4.415222,284.92087,277.9811,6.9397583,291.54025,284.4654,7.0748596,286.0264,280.48425,5.542145,0.12903225806451613,0.12903225806451613
Mannheim,49.496712,8.47955,278.30563,273.6793,4.626343,288.04688,279.28055,8.766327,297.48343,287.73315,9.750275,287.64157,280.7501,6.8914795,12.870967741935484,4.774193548387097
Marbella,36.51543,-4.88583,287.8052,283.3601,4.445099,291.29062,286.13068,5.1599426,299.1061,293.15668,5.9494324,293.9662,289.24164,4.7245483,3.4838709677419355,1.3548387096774193
Marsala,37.796638,12.43518,287.6759,285.3121,2.3638,290.34125,287.5991,2.742157,299.11285,296.08896,3.0238953,295.1091,292.53485,2.5742493,1.5161290322580645,1.2258064516129032
Marseille,43.296951,5.38107,284.77332,279.82776,4.9455566,289.90994,284.242,5.667938,298.75128,292.70236,6.0489197,292.3564,287.18427,5.1721497,2.5806451612903225,1.5806451612903225
Messina,38.193272,15.54969,286.4528,283.77386,2.6789246,289.6675,286.44412,3.2233887,298.99478,295.55756,3.4372253,294.13977,291.239,2.9007568,3.032258064516129,1.903225806451613
Mestre,45.49028,12.2425,281.53494,276.4697,5.0652466,290.07928,283.641,6.4382935,300.36603,293.59305,6.7729797,291.34836,285.81583,5.5325317,17.129032258064516,7.580645161290323
Metz,49.11911,6.17269,278.4306,273.8253,4.605316,287.41107,278.69736,8.713715,296.4541,286.66647,9.787628,287.41513,280.5023,6.912842,8.35483870967742,3.4193548387096775
Milan,45.464272,9.18951,281.23688,274.52136,6.715515,291.22177,282.41095,8.810822,301.42264,292.17728,9.245361,290.8232,283.95822,6.86499,32.74193548387097,11.387096774193548
Modena,44.647831,10.92539,280.8052,274.43356,6.371643,290.56458,281.72653,8.838043,301.37592,291.60037,9.775543,291.09512,283.63086,7.464264,31.93548387096774,10.35483870967742
Montpellier,43.61092,3.87723,284.17615,278.5171,5.6590576,290.1031,282.9887,7.11438,299.3533,291.3227,8.030609,291.96017,285.59296,6.367218,7.806451612903226,3.6774193548387095
Moscow,55.75222,37.615559,269.1753,264.07697,5.0983276,283.41187,274.11438,9.297485,295.80838,285.6353,10.173065,281.78043,275.41812,6.3623047,5.064516129032258,3.225806451612903
Mulhouse,47.75,7.33333,278.11978,272.87537,5.2444153,287.56802,278.48355,9.084473,296.83978,286.9286,9.911194,287.31604,279.9625,7.353546,9.387096774193548,4.0
Murcia,37.987041,-1.13004,289.3353,280.1733,9.161987,294.6507,284.78275,9.86795,303.8421,293.7346,10.107513,296.84778,287.9021,8.945679,65.80645161290323,29.06451612903226
Málaga,36.720161,-4.42034,287.4703,282.00256,5.467743,291.47372,285.2834,6.190338,299.88156,292.87537,7.006195,294.06207,288.31766,5.7444153,7.774193548387097,2.774193548387097
Mülheim (Ruhr),51.433331,6.88333,278.92746,274.63727,4.2901917,287.26828,279.11548,8.1528015,295.67,286.8348,8.835205,287.43857,281.16278,6.2757874,6.838709677419355,3.032258064516129
München,48.137428,11.57549,276.82004,271.2834,5.5366516,286.75696,277.71997,9.036987,295.8559,286.51245,9.343445,286.29184,279.08408,7.2077637,6.129032258064516,2.7419354838709675
Münster,51.96236,7.62571,278.65082,274.33307,4.317749,287.1259,278.64624,8.479645,295.71472,286.40915,9.3055725,287.31747,280.76645,6.5510254,7.193548387096774,3.4193548387096775
Namur,50.4669,4.86746,278.95178,274.58752,4.364258,286.7967,278.68887,8.107819,294.89175,286.04385,8.8479,287.2517,280.8887,6.3630066,4.129032258064516,2.2903225806451615
Nantes,47.217251,-1.55336,282.59976,277.0696,5.5301514,288.7422,280.46915,8.273041,296.58197,287.27127,9.310699,290.3088,282.75647,7.5523376,7.129032258064516,3.225806451612903
Napoli,40.833328,14.25,285.42828,281.23712,4.191162,289.91977,284.91937,5.0003967,299.56125,294.2015,5.359741,293.56232,288.82364,4.738678,6.225806451612903,3.4838709677419355
Neuß,51.198071,6.68504,279.02792,274.73755,4.2903748,287.26065,279.1649,8.095764,295.653,286.86652,8.786499,287.5092,281.23776,6.2714233,6.548387096774194,3.096774193548387
Newcastle upon Tyne,54.973282,-1.61396,279.90182,276.2182,3.6836243,283.85553,278.43274,5.4227905,290.59418,284.83304,5.761139,285.7705,281.13187,4.6386414,0.03225806451612903,0.03225806451612903
Nice,43.703129,7.26608,282.57623,277.29944,5.2767944,287.58875,281.80164,5.7871094,296.39868,290.7625,5.6361694,290.1269,284.88654,5.2403564,0.12903225806451613,0.12903225806451613
Nijmegen,51.842499,5.85278,279.266,274.90134,4.3646545,287.1766,278.93015,8.24646,295.27463,286.44156,8.833069,287.55264,281.18765,6.36499,5.129032258064516,2.5161290322580645
Northampton,52.25,-0.88333,280.48276,275.76764,4.7151184,286.04498,278.6115,7.4334717,293.67596,285.47592,8.200043,287.3429,281.07303,6.269867,1.1612903225806452,0.7419354838709677
Norwich,52.627831,1.29834,280.36584,276.92178,3.4440613,284.35858,279.65997,4.6986084,291.93387,286.69818,5.2356873,287.15317,282.93048,4.222687,0.03225806451612903,0.03225806451612903
Nottingham,52.953602,-1.15047,280.35797,275.71835,4.639618,285.78442,278.44235,7.3420715,293.18475,285.21713,7.967621,287.03268,280.9629,6.0697937,0.6774193548387096,0.4838709677419355
Novi Sad,45.251671,19.836941,278.70517,272.3955,6.309662,291.17584,280.65524,10.520599,301.89917,290.09262,11.806549,290.97614,281.5308,9.445343,44.064516129032256,11.258064516129032
Nîmes,43.833328,4.35,284.47064,277.4829,6.987732,291.78384,282.73557,9.048279,301.77875,291.5055,10.273254,292.96265,284.94406,8.018585,35.54838709677419,11.806451612903226
Nürnberg,49.454208,11.07752,276.4578,271.93274,4.525055,286.7145,277.82516,8.889343,296.22476,286.2866,9.938171,286.0499,279.23398,6.815918,8.0,3.3548387096774195
Oberhausen,51.47311,6.88074,278.9274,274.62955,4.2978516,287.249,279.07648,8.172516,295.61856,286.77493,8.843628,287.42166,281.13275,6.28891,6.67741935483871,2.870967741935484
Odessa,46.47747,30.73262,276.2105,271.88812,4.3223877,286.83655,280.2776,6.55896,299.79007,292.06497,7.7250977,288.55362,282.57596,5.977661,14.258064516129032,6.290322580645161
Olsztyn,53.779949,20.49416,274.03482,269.80377,4.2310486,284.97708,276.15048,8.826599,295.30475,285.72614,9.578613,284.76694,278.38077,6.3861694,3.4516129032258065,1.903225806451613
Oradea,47.066669,21.933331,277.23376,271.65698,5.576782,289.93878,279.77908,10.1596985,300.5279,289.09988,11.428009,289.6606,280.5043,9.156311,29.774193548387096,8.774193548387096
Orléans,47.902889,1.90389,280.96524,275.55634,5.408905,288.9387,279.64374,9.294952,297.8425,287.1889,10.653595,289.6748,281.62027,8.054535,13.580645161290322,4.580645161290323
Oslo,59.912731,10.74609,272.44922,267.58005,4.869171,282.73587,274.1757,8.560181,293.10852,284.617,8.491516,282.6335,277.15298,5.48053,0.3870967741935484,0.3548387096774194
Osnabrück,52.27264,8.0498,278.43726,274.1719,4.2653503,286.96576,278.49704,8.4687195,295.61096,286.30365,9.307312,287.1549,280.64035,6.514557,7.451612903225806,3.5161290322580645
Ostrava,49.834648,18.28204,275.42484,270.67252,4.7523193,286.4708,277.3993,9.071503,296.4383,286.44565,9.992645,286.33173,279.1783,7.153412,6.870967741935484,2.6774193548387095
Oulu,65.01236,25.468161,267.99118,262.75992,5.231262,278.09387,270.30643,7.787445,291.56915,283.38913,8.180023,279.33493,274.33746,4.997467,0.06451612903225806,0.06451612903225806
Oviedo,43.360291,-5.84476,283.39246,278.35287,5.0395813,286.77042,280.7904,5.980011,293.25772,287.1641,6.093628,289.3849,283.7461,5.638794,0.0,0.0
Oxford,51.75222,-1.25596,280.6313,275.85706,4.774231,286.11908,278.66937,7.449707,293.64413,285.44998,8.194153,287.4287,281.10873,6.319977,1.064516129032258,0.6774193548387096
Padova,45.415192,11.88181,281.49823,275.1242,6.3740234,290.86755,282.78836,8.079193,301.23938,292.76663,8.472748,291.59625,284.65775,6.938507,28.35483870967742,10.483870967741936
Palermo,38.115822,13.35976,286.721,282.94125,3.7797546,290.51404,285.98083,4.533203,300.30777,295.37903,4.9287415,294.92096,290.74014,4.1808167,12.774193548387096,5.193548387096774
Palma,39.569389,2.65024,287.32037,284.84412,2.4762573,290.28082,287.42706,2.8537598,299.08228,296.06598,3.0162964,294.59766,292.0011,2.5965576,1.4516129032258065,0.9032258064516129
Pamplona,42.816872,-1.64323,282.85043,276.14313,6.707306,289.05933,280.185,8.874329,297.7652,287.64178,10.123413,291.01947,282.66537,8.354095,11.870967741935484,3.935483870967742
Paris,48.853409,2.3488,280.50687,275.491,5.015869,288.22534,279.4515,8.773834,296.80792,286.8681,9.939819,288.93542,281.52478,7.4106445,8.290322580645162,3.4193548387096775
Parma,44.802662,10.32898,280.97336,274.62396,6.3493958,290.9775,282.09204,8.885468,301.64877,291.96252,9.686249,291.1815,283.85623,7.3252563,35.225806451612904,11.870967741935484
Perpignan,42.697639,2.89541,284.59814,277.88538,6.7127686,290.18155,282.49884,7.6827087,299.25534,291.12286,8.132477,292.4316,285.19913,7.232483,8.483870967741936,3.7419354838709675
Perugia,43.112202,12.38878,281.80524,275.20572,6.599518,289.76147,280.5486,9.21286,301.03113,290.01343,11.0177,291.56052,283.26794,8.292572,29.612903225806452,10.419354838709678
Piraeus,37.947449,23.637079,286.4036,281.60037,4.8032227,292.43692,285.71524,6.7216797,303.10257,295.80652,7.296051,295.66266,289.73245,5.9302063,52.903225806451616,16.93548387096774
Pisa,43.71553,10.39659,283.45346,279.12695,4.3265076,289.07257,283.80106,5.271515,298.60812,292.94556,5.662567,291.7719,286.94424,4.827667,3.5161290322580645,2.0
Ploieşti,44.950001,26.01667,276.6956,270.0677,6.627899,288.57117,278.40848,10.162689,299.64844,288.41446,11.233978,288.74982,279.43726,9.312561,17.419354838709676,5.483870967741935
Plovdiv,42.150002,24.75,278.5064,270.86005,7.6463623,288.52332,278.33185,10.191467,299.49323,287.9827,11.510529,289.77335,279.97488,9.798462,14.612903225806452,5.290322580645161
Plymouth,50.371529,-4.14305,282.07364,278.94974,3.1239014,284.6839,280.55585,4.1280518,290.794,286.59485,4.1991577,287.32043,283.8175,3.5029297,0.0,0.0
Plzeň,49.747471,13.37759,275.46503,270.88016,4.5848694,285.9141,276.94904,8.965057,295.7027,285.6457,10.057007,285.29175,278.3483,6.943451,5.709677419354839,2.806451612903226
Porto,41.149609,-8.61099,286.3344,281.21198,5.1224365,290.04752,284.15155,5.8959656,295.88577,289.32788,6.557892,292.12515,286.57645,5.548706,0.9354838709677419,0.7741935483870968
Potsdam,52.398861,13.06566,277.11273,272.75607,4.356659,286.97885,278.2613,8.71756,296.69363,287.01465,9.678986,286.78247,280.12976,6.65271,9.483870967741936,3.193548387096774
Poznań,52.406921,16.92993,276.06653,271.58795,4.4785767,286.57803,277.5771,9.000946,296.71042,286.70288,10.007538,286.27487,279.31366,6.961212,8.258064516129032,3.064516129032258
Prague,50.088039,14.42076,276.1497,271.49612,4.6535645,286.6923,277.66656,9.025726,296.73502,286.57727,10.157745,286.15228,279.1758,6.976471,9.290322580645162,3.6774193548387095
Prato,43.884251,11.09092,281.32965,275.03613,6.293518,289.3694,280.82767,8.541718,300.01538,290.21188,9.803497,290.87012,283.2975,7.572632,16.483870967741936,6.903225806451613
Preston,53.76667,-2.71667,280.34753,276.714,3.633545,284.57327,279.1252,5.448059,290.96756,285.68024,5.287323,286.3359,281.96735,4.368561,0.03225806451612903,0.03225806451612903
Pécs,46.083328,18.23333,278.02332,272.00974,6.0135803,289.91342,279.91205,10.001373,300.09485,289.05637,11.038483,289.41412,280.64105,8.773071,25.64516129032258,7.870967741935484
Ravenna,44.4175,12.20111,282.35864,277.1274,5.2312317,290.3659,283.6442,6.72171,301.28424,293.80054,7.4837036,292.18637,286.25467,5.9317017,28.29032258064516,9.096774193548388
Reading,51.456249,-0.97113,280.77145,275.94965,4.821808,286.28293,278.79706,7.4858704,293.81815,285.59106,8.227081,287.6083,281.24573,6.3625793,1.1612903225806452,0.7096774193548387
Regensburg,49.014999,12.09556,276.4478,271.58347,4.8643494,287.15738,278.0526,9.104767,296.7336,286.7473,9.986298,286.28006,279.21167,7.06839,8.741935483870968,3.5806451612903225
Reims,49.25,4.03333,279.77588,274.8799,4.8959656,287.983,279.17212,8.810883,296.7025,286.8241,9.878418,288.41833,281.20706,7.211273,8.806451612903226,4.0
Rennes,48.11198,-1.67429,282.10928,276.70007,5.40921,288.17508,279.8313,8.3437805,295.68387,286.34958,9.33429,289.5746,282.18472,7.389862,3.7096774193548385,1.8064516129032258
Reykjavík,64.135483,-21.895411,275.13495,271.2203,3.9146423,278.8903,274.52286,4.3674316,285.72635,281.8092,3.9171448,280.00742,276.5181,3.4893188,0.0,0.0
Riga,56.945999,24.10589,273.0602,269.30002,3.7601929,282.9573,275.4232,7.5341187,294.2945,286.44412,7.8503723,283.7261,278.68326,5.0428467,1.064516129032258,0.7096774193548387
Rimini,44.063332,12.58083,282.47455,278.66202,3.8125305,289.03198,284.20923,4.822754,299.63855,294.2439,5.3946533,291.5996,287.27606,4.3235474,9.290322580645162,4.516129032258065
Rome,41.894741,12.4839,285.07074,279.2098,5.8609314,290.66235,283.59863,7.0637207,300.8346,292.9758,7.858795,293.58704,287.15817,6.4288635,19.870967741935484,9.806451612903226
Roquetas de Mar,36.764191,-2.61475,287.47562,283.34085,4.1347656,290.951,286.54816,4.402832,299.175,294.59906,4.5759277,293.90906,289.84525,4.0638123,2.5806451612903225,1.3548387096774193
Rostock,54.088699,12.14049,276.96573,273.7329,3.2328186,284.26736,278.1111,6.15625,293.806,287.08942,6.7165833,285.8631,281.31952,4.543579,0.5161290322580645,0.3548387096774194
Rotterdam,51.922501,4.47917,279.67273,275.83334,3.839386,286.19742,279.55493,6.6424866,293.9881,286.96643,7.0216675,287.58118,282.26007,5.321106,2.032258064516129,1.3548387096774193
Rouen,49.44313,1.09932,280.5791,275.81525,4.763855,287.22797,279.2507,7.9772644,295.12845,286.18063,8.947815,288.39868,281.629,6.769684,3.7096774193548385,2.096774193548387
Saint Petersburg,59.89444,30.26417,270.02097,265.48932,4.5316467,281.55353,272.79843,8.755096,293.82724,284.5387,9.288544,281.41107,276.0418,5.3692627,1.3870967741935485,0.9032258064516129
Saint-Étienne,45.433331,4.4,279.4855,273.39587,6.08963,287.8324,278.41983,9.412567,297.4435,286.6013,10.842224,288.47128,280.30295,8.168335,10.96774193548387,4.096774193548387
Salamanca,40.968819,-5.66388,282.51108,275.01385,7.497223,289.795,279.2471,10.547913,300.98734,287.35165,13.635681,291.33536,281.596,9.739349,33.87096774193548,9.774193548387096
Salerno,40.677971,14.76599,285.01398,280.94946,4.064514,289.55936,284.6261,4.933258,299.27115,293.9416,5.3295593,293.2303,288.5052,4.7250977,5.580645161290323,3.129032258064516
Salzburg,47.799412,13.04399,275.09686,268.57874,6.5181274,285.1211,275.73248,9.388611,294.27518,284.8205,9.454681,285.18375,277.3193,7.864441,2.3225806451612905,1.2580645161290323
Santander,43.464722,-3.80444,285.0554,281.2151,3.8403015,287.85892,283.53323,4.3256836,294.20792,289.95596,4.251953,291.0826,286.88312,4.1994934,0.0967741935483871,0.0967741935483871
Santiago de Compostela,42.88052,-8.54569,285.2468,279.51306,5.733734,289.2023,281.8053,7.397003,295.424,287.31845,8.10556,291.18613,284.52368,6.662445,2.6129032258064515,1.5161290322580645
Sarajevo,43.84864,18.35644,276.9029,269.96127,6.94162,286.61267,277.01718,9.5954895,297.0564,286.21445,10.841949,287.9171,278.758,9.159119,9.193548387096774,3.3225806451612905
Setúbal,38.524399,-8.8882,288.1268,282.94888,5.1779175,292.03613,285.55347,6.482666,298.40158,290.2716,8.129974,294.27066,288.17624,6.0944214,5.870967741935484,2.6129032258064515
Sevilla,37.382408,-5.97613,289.47748,280.36386,9.113617,296.14938,285.0473,11.102081,306.5891,293.07697,13.512146,298.07098,287.74353,10.327454,103.80645161290323,38.774193548387096
Sheffield,53.382969,-1.4659,279.85806,275.4748,4.3832703,285.09714,278.0632,7.0339355,292.1766,284.71222,7.464386,286.29968,280.60974,5.6899414,0.16129032258064516,0.16129032258064516
Siracusa,37.085152,15.273,287.7289,284.2696,3.45932,290.8092,287.09616,3.7130432,300.22586,296.46793,3.7579346,295.39926,292.05008,3.3491821,9.258064516129032,4.193548387096774
Skopje,42.001221,21.42878,278.61517,270.91135,7.703827,289.24622,278.19016,11.056061,300.92825,287.74203,13.186218,290.28854,279.78705,10.501495,33.516129032258064,9.709677419354838
Sochi,43.599171,39.725689,280.08334,275.9786,4.1047363,286.0377,280.6614,5.3762817,297.05548,291.55215,5.5033264,290.23175,284.9849,5.2468567,0.8709677419354839,0.6451612903225806
Sofia,42.69751,23.32415,277.1736,269.35776,7.815857,287.42444,277.1358,10.288635,298.02908,286.36984,11.659241,288.6003,278.4553,10.14502,9.0,3.5483870967741935
Southampton,50.90395,-1.40428,281.3791,277.7355,3.6435852,285.3165,280.09244,5.22406,292.30103,286.74484,5.556183,287.7506,283.2775,4.473114,0.0,0.0
Split,43.508911,16.43915,283.06757,278.97125,4.0963135,288.80084,283.9473,4.853546,298.77185,293.44205,5.3298035,291.59998,286.99512,4.6048584,3.096774193548387,1.8709677419354838
Stockholm,59.332581,18.064899,274.03903,270.24133,3.797699,281.35995,274.80865,6.5513,292.4949,285.7469,6.7480164,283.2546,278.69675,4.5578613,0.0,0.0
Strasbourg,48.58342,7.74296,278.63885,273.7796,4.859253,288.17694,279.28915,8.887787,297.44193,287.65942,9.782501,287.85876,280.81305,7.0457153,11.870967741935484,4.354838709677419
Stuttgart,48.782318,9.17702,277.3775,272.35263,5.024872,286.98596,278.03516,8.950806,296.2009,286.38614,9.814758,286.67993,279.50397,7.1759644,7.548387096774194,3.2903225806451615
Szczecin,53.42894,14.55302,276.44733,272.38263,4.0646973,285.79004,277.62454,8.165497,295.45145,286.6632,8.788239,286.09787,280.01273,6.085144,3.967741935483871,1.903225806451613
Szeged,46.252998,20.148239,277.888,271.9516,5.9364014,290.5287,280.1019,10.426788,301.26703,289.46558,11.801453,290.1598,280.85455,9.305237,36.12903225806452,9.451612903225806
Tallinn,59.436958,24.753531,272.25186,268.53745,3.7144165,280.40628,273.96417,6.442108,292.3669,285.78705,6.5798645,282.6619,278.41995,4.2419434,0.0,0.0
Tampere,61.499111,23.787121,270.42648,265.74695,4.679535,280.7125,272.3038,8.408691,292.80115,284.46475,8.336395,281.04172,276.2265,4.815216,0.25806451612903225,0.1935483870967742
Taranto,40.476109,17.229719,285.76456,281.5287,4.2358704,290.59882,285.41415,5.184662,301.28137,295.3249,5.956482,294.25195,289.37363,4.8783264,25.161290322580644,9.741935483870968
The Hague,52.076672,4.29861,279.78275,276.8954,2.8873596,284.6002,280.2735,4.3266907,292.2976,287.8796,4.4179993,287.3555,283.726,3.629486,0.0967741935483871,0.0967741935483871
Thessaloníki,40.640282,22.94389,283.15308,277.08176,6.0713196,291.4748,283.88226,7.5925293,302.86255,294.23965,8.622894,293.58887,286.34824,7.240631,48.61290322580645,17.096774193548388
Tilburg,51.555511,5.0913,279.52692,275.1828,4.344116,287.20242,279.16537,8.037048,295.16696,286.5607,8.606262,287.7257,281.43866,6.2870483,4.774193548387097,2.4516129032258065
Timişoara,45.753719,21.22571,278.2672,272.23862,6.028595,290.62,280.19382,10.426178,301.18207,289.41248,11.769592,290.4489,280.94836,9.500549,35.03225806451613,10.064516129032258
Tirana,41.327499,19.81889,282.60733,275.51334,7.093994,289.87085,281.3955,8.475342,300.32553,290.68665,9.6388855,292.54623,284.08896,8.457275,18.806451612903224,7.483870967741935
Toledo,39.858101,-4.02263,284.4667,275.9165,8.550201,292.55917,281.45764,11.101532,304.98642,291.2648,13.721619,294.0384,283.78983,10.248566,76.87096774193549,28.64516129032258
Toruń,53.013748,18.598141,275.31082,270.95755,4.3532715,285.97467,277.00607,8.968597,296.0613,286.29755,9.763763,285.76694,278.98633,6.780609,4.645161290322581,2.096774193548387
Toulon,43.116669,5.93333,284.8872,280.1477,4.739502,289.70978,284.2364,5.4733887,298.63498,292.65497,5.980011,292.32794,287.34222,4.985718,2.096774193548387,1.3548387096774193
Toulouse,43.604259,1.44367,283.71658,276.44687,7.2697144,290.88242,281.40387,9.478546,300.07614,289.54123,10.534912,292.62173,283.5088,9.112946,27.64516129032258,6.870967741935484
Tours,47.383331,0.68333,281.5982,276.013,5.585205,289.13925,279.9405,9.198761,297.8858,287.38107,10.50473,290.10883,282.01263,8.096191,13.193548387096774,4.193548387096774
Trier,49.75565,6.63935,277.41263,273.12854,4.284088,286.35007,278.07468,8.275391,295.15067,285.8617,9.288971,286.23837,279.78418,6.454193,4.741935483870968,2.5806451612903225
Trieste,45.648609,13.78,280.51993,275.91083,4.6091003,288.3762,282.1007,6.275482,298.668,291.83438,6.833618,289.8631,284.50104,5.3620605,7.258064516129032,4.193548387096774
Turin,45.070492,7.68682,278.21652,271.3575,6.859009,287.15308,278.7859,8.3671875,297.14493,288.25192,8.893005,287.5567,280.56296,6.993744,2.161290322580645,1.1935483870967742
Turku,60.451481,22.26869,272.27588,267.7904,4.4854736,281.03046,273.15112,7.8793335,293.01187,284.8747,8.1371765,282.5204,277.44824,5.0721436,0.22580645161290322,0.1935483870967742
Utrecht,52.090832,5.12222,279.42865,275.36304,4.065613,286.4762,279.20663,7.269562,294.33658,286.62225,7.714325,287.43054,281.71188,5.7186584,2.838709677419355,1.6774193548387097
Valencia,39.469749,-0.37739,288.11578,281.06088,7.054901,292.64056,285.22626,7.4143066,301.31198,294.04517,7.266815,295.4531,288.6269,6.8262024,23.548387096774192,6.612903225806452
Valladolid,41.655182,-4.72372,282.6597,275.11612,7.543579,290.50293,279.50168,11.001251,301.98596,287.52383,14.462128,291.90765,281.69217,10.215485,45.225806451612904,12.129032258064516
Vantaa,60.29414,25.040991,271.68906,267.76688,3.9221802,279.6989,273.49405,6.2048645,292.08456,285.8542,6.230377,282.15494,278.08145,4.0734863,0.0,0.0
Varna,43.216671,27.91667,279.33286,274.22336,5.109497,287.5957,280.92972,6.665985,299.37872,291.8502,7.528534,290.3587,284.02655,6.3321533,7.387096774193548,3.4838709677419355
Venezia,45.43861,12.32667,281.64713,277.45145,4.1956787,289.5985,284.2787,5.319824,299.98734,294.36035,5.6269836,291.3182,286.7679,4.550293,12.903225806451612,6.483870967741935
Verona,45.434189,10.99779,280.57593,274.30487,6.271057,290.32202,281.9054,8.416626,300.54535,291.91394,8.631409,290.58237,283.87946,6.7029114,21.967741935483872,7.935483870967742
Vienna,48.208488,16.37208,277.01422,271.98056,5.033661,288.27124,279.1719,9.099335,298.39453,288.4073,9.987244,287.49213,280.42886,7.063263,16.419354838709676,5.774193548387097
Vigo,42.232819,-8.72264,285.82968,280.9376,4.89209,289.1401,283.27753,5.8625793,294.74246,288.51358,6.228882,291.14236,285.85806,5.2843018,0.3870967741935484,0.3225806451612903
Vilnius,54.689159,25.2798,272.30118,268.03445,4.2667236,284.306,275.3959,8.910095,295.3264,285.43265,9.893738,283.55557,277.2901,6.2654724,2.806451612903226,1.7419354838709677
Warsaw,52.229771,21.01178,274.97256,270.48352,4.489044,286.4022,277.20966,9.192535,296.84042,286.62003,10.220398,285.7774,278.71127,7.0661316,7.774193548387097,3.5161290322580645
Wiesbaden,50.082581,8.24932,277.65,273.24002,4.409973,287.09805,278.54596,8.5520935,296.32895,286.74774,9.581207,286.774,280.1243,6.6496887,7.580645161290323,3.3870967741935485
Wolverhampton,52.585468,-2.12296,280.45172,275.81097,4.640747,285.73132,278.44336,7.287964,292.85535,285.06854,7.786804,286.90884,280.92886,5.9799805,0.5806451612903226,0.41935483870967744
Wrocław,51.099998,17.033331,276.37537,271.58023,4.7951355,286.93613,277.8254,9.110718,296.98563,286.83286,10.152771,286.67505,279.43182,7.243225,9.290322580645162,3.6129032258064515
Wuppertal,51.270271,7.16755,278.521,274.2505,4.270508,286.9442,278.90182,8.042389,295.36902,286.62177,8.747253,287.06467,280.9109,6.153778,6.258064516129032,2.903225806451613
Yaroslavl',57.629871,39.87368,267.9889,262.68564,5.303253,282.52924,272.90567,9.623566,295.04843,284.73184,10.316589,280.71588,274.69574,6.0201416,4.096774193548387,2.4193548387096775
York,53.95763,-1.08271,280.1946,275.64026,4.554352,285.20862,278.21875,6.989868,292.28247,284.83508,7.4473877,286.628,280.76886,5.859131,0.0967741935483871,0.0967741935483871
Zagreb,45.814442,15.97798,278.84085,272.17447,6.666382,290.19495,279.92825,10.266693,300.30292,289.3845,10.9184265,289.519,281.05563,8.463379,27.0,8.0
Zaragoza,41.656059,-0.87734,285.0269,276.71338,8.313507,293.39566,281.968,11.427673,304.40607,290.74237,13.663696,294.23422,283.9708,10.263428,69.19354838709677,18.93548387096774
Zürich,47.366669,8.55,276.5141,271.50485,5.009247,285.79303,277.28427,8.508759,294.906,286.05472,8.851288,285.80658,279.3157,6.4908752,3.064516129032258,1.8064516129032258
Århus,56.156738,10.21076,276.91284,274.0721,2.8407288,282.8192,277.80273,5.0164795,292.04962,286.39926,5.65036,285.14374,281.44608,3.6976624,0.0,0.0
Łódź,51.75,19.466669,275.23962,270.66824,4.5713806,286.28473,277.0993,9.185425,296.68204,286.4502,10.231842,286.01324,278.78146,7.231781,7.741935483870968,3.193548387096774
